"Thema 01","NO VOCI THANK GOD"
Zellwand Material,Polysaccharide
Cytoplasma,Durch Zellmembran begrenzt
Bakterien Zellaufbau,"Keinen Zellkern, sondern nur Kernäquivalent --> Nucleoid"
Nucleoid,Kernäquivalent
Prokaryoten,"Zb Bakterien, haben keinen Zellkern, sondern nur Nucleoid."
Plasmide,kleine Ringe der Kernsäure DNA
Zwei Gruppen Prokaryoten,Bakterien und Archaeen
Eukaryoten,Besitzen echten Zellkern
Ribosom,makromolekulare Komplexe aus Proteinen und RNA
Kompartimente,"membranbegrenzte Räume in der Zelle, gebraucht um abzugrenzen"
Mitochondrien,"Gebilde in Zelle, die in Eukaryoten vorkommt und Erbsubstanz enthält. Auf Oberfläche von Matrix bildung von ATP; Krafwerke von Zellen"
ATP,Adenosintriphospat
Endoplasmatische Reticulum,"Verzweigtes Kanalsystem, Geht direkt in die Zellhülle des Reticulums über, raues ER, glattes ER"
raues ER <--> glattes ER,Auf Membranoberfläche Ribosomen <--> Keine Ribosomen
Ribosome,"kugelige Partikel, aus RNA und Proteinen"
Zellwand: Aufbau  Funktion,"Material: Mikrofibrillen, aus Cellulose --> Mikrofilienbündel."
Zellverbindungen,"Plasmodesmen bei Pflanzen, gap junctions bei Tieren"
Plasmodesmen,zyliderförmige Kanäle in pflanzlichen Zellen
gap junctions,"tierische Zellen, Kommunikations-Kontaktstellen"
Desmosome,Haftpunkte bei Zellenverbindungen
tight junctions,"Zellen werden zusammen gehalten, gleichzeitig abgedichtet."
Unterschied Desmosom tight junctions,"Desmosom ist nicht so dicht, hat noch ein wenig space."
Cytoskelett,"Cytoplasma ist von Proteinfilamenten durchzogen. mechanische festigkeit, plasmaströmungen, muskelkontraktionen"
Mikrotubuli,röhrenförmige Proteinfilamente
Centriolen,"Bestehen aus Mikrotubuli, bei Zellteilung eine Rolle"
Zellkern,"Nucleus, RNA, DNA"
"Karyoplasma, Cytoplasma","Inneres, Äusserer Inhalt"
Vakuole,Mit Flüssigkeit gefüllte Hohlräume in pflanzlichen Zellen
Turgor,"Innendruck der Zelle, durch Vakuole"
Zisterne,Hohlröume in ER
Dictyosom,"Membranstapel, Netz, --> GOLGI-Apparat"
Golgi-Apparat,"Golgi-Vesikel bei Dictyosomen, Aufbau Zellwandmaterial, Sekretstoffe"
Plastide,"Begrenzt; Entwickeln sich zu Leukoplast (Amyloplast, Proteinoplast, Elaioplast), Chloroplast;"
"Amyloplast, Proteinoplast, Elaioplast","Speicherung von Stärke, Protein, Lipide"
Chloroplast,Chlorophyll und Carotin absorbieren Licht; Photosynthese in Thylakoidbereichen
Stroma,Inneres Chloroplast
(Stroma-) Thylakoid,"flache Membranzisterne, enthalten Cholorphyll und Carotin --> Photosynthese."
Enzyme aus was bestehen sie?,Aus Eiweissen
Cofaktoren,"Neben Eiweissen haben Enzyme noch andere chemische Bestandteile; niedermolekulare Teile, Metallionen; werden durch Vitamine aufgenommen"
Enzym: Katalase,Wasserstoffperoxid zerlegt (H2O2)
Apoenzym,Der Proteinanteil des Enzyms
prostehtische Gruppen = Holoenzym,Apoenzyme eng mit Cofaktoren verbunden.
ATP wo genau Energie gespeichert,In chemischen Bindungen von zwei Phospatresten P; Energie wird freigesetzt durch abspalten von Phospatresten. 
Hydrolyse ATP --> ...,ADP: Adenosindiphosphat
Cosubstrat,"Coenzyme gehen jedes Mal verändert aus Reaktion hervor, verhält sich also wie ein Substrat. Also Cosubtrat. Bsp: ATP ist ein Cosubstrat"
ATP --> ADP Enzym,ATP-Synthase"Thema 02","NO VOCI THANK GOD"
Dichteanomalie des Wassers,4 Grad Celsius am Dichtestens
Dreischichter Aufbau bei allen Biomembranen,--> Elementarmembran
Selektiv permeabel,"gleich semipermeabel, lässt bestimmte Stoffe durch oder hält diese zurück."
Material Biomembrane,Lipide und Proteine
Aufbau Lipidmolekül,Lipophiler und Hydrophiler Teil
Plasmalemma,"Membran, die das Zellplasma begrenzt. = Zellmembran"
Glykokalyx,"Extrazelluläre Schicht des Plasmalemma, die Glykolipide und Glykoproteine enthält."
Plasmolyse,Zellen schrumpfen; das Cytoplasma wird rausgesogen.
Deplasmolyse,"Zellen wachsen, die Flüssigkeit wird in die Zellen reingedrückt."
Turgor,Druck gegen Zellwände
Brownsche Bewegung,Temperaturabhängige Eigenbewegung der Teilchen
Brownsche Bewegung Bedeutung,Diese Eigenbewegung bewirkt die Eigenverteilung der Stoffe bis zum Konzentrationsausgleich --> Diffusion
Diffusion,Diese Eigenbewegung bewirkt die Eigenverteilung der Stoffe bis zum Konzentrationsausgleich 
Permeation,Diffusion durch Grenzschichten
Osmose,Permeation durch selektiv permeable Membran
osmotischer Druck,"Wassermoleküle diffundeieren Richtung Salzlösung, um einen Konzentrationsausgleich zu erlangen"
osmotischer Wert,Konzentration an gelösten Stoffen innerhalb der Zelle
"isotonisch, hypertonisch, hypotonisch",Konzentration ausserhalb der Zelle [entspricht / ist höher / ist tiefer] als in der Zelle.
"einfache Diffusion, passiver Transport",Wassermoleküle diffundieren durch Lipid-Doppelschicht-Membran
5 Transportmöglichkeiten durch Zellmembran,"einfache Diffusion, tunnelvermittelte Diffusion, carriervermittelte Diffusion, aktiver Transport"
Tunnel-Bildende Proteine,"gleich erleichterte Diffusion, Innenwände Bildende Proteine, die Moleküle und gelöste Ionen bestimmter Grösse passieren lassen"
Carrier,"gleich erleichterte Diffusion, Transportproteine binden kurzfristig den zu Transportierenden Stoff, spezifische Bindungsstellen"
aktiver Transport,"Carrier, die entgegen dem Konzentrationsgefälle Substrate transportieren können. Bsp Natrium-Kalium-Pumpe"
primärer aktiver Transport,Binden und Freisetzen des Substrate
sekundärer aktiver Transport,Zurückströmen der Ionen das zu transportierende Substrat eingesetzt.
Endocytose,"Aufnahme von Stoffen über Endosome. Zellmembran stülpt sich an einer Stelle so weit ein, bis der Stoff umschlossen ist. Zb Proteine und Polysaccharide in Zelle transportiert."
Phagocytose,Endocytose von Festteilchen
Pinocytose,Endocytose von Flüssigteilchen
Exocytose,Abgabe von Stoffen
primäres Lyosom,"Aus Golgi-Vesikeln gebildet und enthält Verdauungsenzyme, fusioniert (Membranfluss) mit sekundären Lyosom"
sekundäres Lyosom,Partikel werden verdaut und ausgeschieden durch Exocytose
rezeptorenvermittelte Endocytose,"selektive Aufnahme von Makromolekülen mittels Rezeptorproteine,""Thema 03","NO VOCI THANK GOD"
DNA <--> RNA,C2-Molekül DNA hat H anstelle OH
Grundeinheit,Nucleotid
Zucker der RNA,Ribose
Zucker der DNA,Desoxyribose
DNA Basen,"A, G / C, T; Adenosin, Guanin / Cytosin, Thymin"
RNA hat nicht Thymin. Was hat es anstelle?,U Uracil
Doppelhelix-Modell,"DNa liegt als Doppelstrange auf zwei langen Fäden vor, die geschraubt sind; Basen sind durch H-Bindungen gebunden"
Basen paaren sich wie:,AT und GC
Zwei Enden,C5 und C3: Phospatrest am C5-Atom; entgegengesetzte Richtung C3-Atom
Richtung,Immer 5' --> 3'; komplementärer Strang 3' --> 5'
Antiparallellität der Stränge,5' 3' vs 3' 5' Raumstruktur / Anordnung ist so möglich
Gen,"Erbanlage, bestimmte Fähigkeiten"
Chromosom,
Karyogramm,Ordnen der Chromosomen nach Grösse und Aussehen
Allele,Jedes Gen liegt auf zwei Allelen eines Chromosoms.
Diploid,Zustand eines Chromosomensatzes: Er enthält einen Chromosomensatz von Vater und Mutter
"Genom, Genotyp",Gesamtheit der Gene eines Zellkern
Phänotyp,Das Erscheinungsbild der Gene: Zusätzlich zum Genotyp wirken auch noch weitere Faktoren mit
Mitose,Zellkernteilung
Stadien Mitose,"PMATI: Prophase, Metaphase, Anaphase, Telophase, Interphase"
Prophase,2-Chromatid-Chromosomen verknäuelt --> verkürzen sich (Kondensation) 
Metaphase,2-Chromatid-Chromosomen ordnen sich an der Äquatorialplatte
Anaphase,"2-Chromatid-Chromosomen, die am Centromer zusammengehalten werden, werden auseinandergezogen"
Telophase,"Dekondensation der 1-Chromatid-Chromosomen, neue Kernhüllen"
Interphase,Vorbereitung auf Zellteilung
Mensch Anzahl Chromosomen,46; 23 Chromosomenpaare
Diploid,2n; Zwei Chromosomensätze
Haploid,1n; Einfacher Chromosomensatz
Meiose,Zwei hintereinander ablaufende Reifeteilungen
Stadien Meiose,"Interphase 2n, Prophase I 2n, Metaphase I 2n, Anaphase I 2n, Telophase 2n, KEINE INTERPHASE, Prophase II n, Metaphase II n, Anaphase II n, Telophase II n"
Interphase 2n,Bereiten sich auf Zellteilung vor
Prophase I 2n,Zwei homologe Zwei-Chromatide-Chromosom ordnen sich homolog an
Metaphase I 2n,Homologen Chromosomenpaare ordnen sich an der Äquatorialplatte an
Anaphaes I 2n,Teilen sich am Centromer
Telophase I 2n,"Neue Hüllen --> 1n, haploid"
Prophase II n,Chromosomen ordnen sich am der Äquatorialplatte an
Metaphase II n,Chromosomen werden geteilt
Anaphase II n,Bilden neue Hüllen
Telophase II n,Fertig
Meiose Spermien <--> Ei Mutterzelle,Spermienmutterzelle --> 4 Spermien; Eimutterzelle --> 1 Eizelle + 3 Pollkörperchen
interchromosonale Rekombination,"Bei der Metaphase ordnen sich die Chromosomenpaare an, 0.5 Chance to get to the winning sperm cell"
intrachromosonale Rekombination,"Überkreuzungen von benachbarten Chromosomenstränge, Crossing Over"
ungeschlechtliche Forpflanzung,Nachkommen stimmen mit Eltern überein"Thema 04","NO VOCI THANK GOD"
Erythrozyten,Rote Blutkörperchen
Rote Farbe bei Erythrozyten,Hämoglobin
Funktion Hämoglobin,"Sauerstoff binden, an Häm-Gruppe: Zentrum Eisenion"
Leukozyten,Weisse Blutkörperchen
Thrombocyten,"Blutplättchen, Blutgerinnung"
Blutplasma,"Lösung Proteine, Kohlenhydrate, Mineralien"
Bildung der Blutzellen,Knochenmark
Erythrozyten Energiegewinnung,"Glykolyse, nicht Mitochrondrien ATP"
Leukozyten Arten,"Granulocyte, Makrophage, Lymphozyte"
Leukämie,Vermehrte Bildung von Leukocyten
Erythropoietin,"Hormon, vermehrte Erythrocytenbildung"
Sauerstofftransport,"Lungenbläschen binden an Häm-Gruppe (<-- Hämoglobin (<-- Erythrocyt)); In Gewebe Diffusion, gibt Sauerstoff dem Myoglobin ab"
Myoglobin,"Farbstoff in Geweben, der hohes Bindungsvermögen für Sauerstoffmoleküle besitzt"
Kohlenstoff Atmung wie,Kohlenstoffmoleküle diffundieren in Blutkapillare
Blutstillung Vorgang,"Thrombocyten geben Protein ab: Plättchenfaktor, das weitere Thrombocyten andocken lässt."
Blutgerinnung Vorgang,Gerinnungsfaktoren --> Enzym Thrombin --> Fibrinogen --> Fibrin: Erstellt ein Netz aus Fibrin
Thrombose,schmerzhafte Blutstauung
Thrombus,Blutgerinsel
Embolie,Schliessen einer Blutarterie
offener Blutkreislauf,Blut strömt frei zwischen den Räumen der Organe und versorgt so die Organe
geschlossener Blutkreislauf,Das Blut fliesst in den Röhren
Blut Kreislauf,Herz --> Arterien --> Kapillaren --> Venen --> Herz
einfacher Blutkreislauf,Zb bei Fischen; der Lungenkreislauf ist vom Körperkreislauf NICHT getrennt.
doppelter Blutkreislauf,der Lungenkreislauf ist vom Körperkreislauf getrennt.
Sinusknoten,"in Verbindung mit vegetativen Nervensystem, erregt Herz, "
Systole1,"Ziehen sich Hauptkammern zusammen, Vorkammer öffnen sich"
Diastole,Ziehen sich Vorkommern zusammen
Systole2,Mit Systolendruck Blut senden
Lymphsystem,Lymphe = Blut ohne Blutzellen
Entstehung Blutplasma,Durch hohen Druck in arteriellen Kapillaren wird das Blut GEFILTERT
Reabsorption,Blutplasma gelangt durch Osmose zurück in Blut
Lymphgefässsystem Funktion,Abtransport von Gewebesflüssigkeit
Lymphknoten Funktion,Reinigungs- und Abwehrarbeit
Ödem,"Der Abtransport on Gewebesflüssigkeiten funktioniert nicht mehr richtig, es kommt zu einem Stau""Thema 05","NO VOCI THANK GOD"
äussere Atmung,Austausch der Atemgase des Körpers mit der Umgebung
Hautatmung,Sauerstoff aufnehmen durch Oberfläche der Haut
Atmung Fisch,Kiemen
Atmung Insekten,Tracheen
Atmung Wirbeltiere,Lunge mit Bronchien
Vitalkapazität,"Atemzugvolumen, 4-5l"
Wieso Atmen in grosser Höhe schwierig,Weil Partialdruck des Sauerstoffes klein ist
Wieso Atmen in grosser Tiefe schwierig,Weil Atemhöhle kollabieren
Wieso Atmen in Trockenheit schwierig,"Für Kiemenatmer, weil Kiemen zusammenfallen""Thema 06","NO VOCI THANK GOD"
abiotische Umweltfaktoren,"Temp, Licht, Feuchtigkeit"
Biotop,Lebensraumens einer Art
biotische Umweltfaktoren,"Einwirkung, denen ein Lebewesen durch andere Lebewesen ausgesetzt ist"
Biozönose,Lebensgemeinschaft aller Lebewesen eines Biotops
Ökosystem,Biozönose+Biotop
Biosphäre,Alle Ökosysteme
Optimum,Temp. mit Höchster Aktivität
"Maximum, Minimum",Ober- / Unterhalb dieser Temp keine Aktivität
Gedeihkurve=Toleranzkurve,In welchem Ausmass ein Lebewesen auf Umwelt reagiert
Ökologische Potenz,Gesamte Reaktionsfähigkeit eines Lebewesens auf Umwelt
"eurypotent, euryök",In der Hinsicht eines Faktors ist das Lebewesens Toleranzbereich sehr weit
"stenopotent, stenök",In der Hinsicht eines Faktors ist das Lebewesens Toleranzbereich sehr schmal
endotherm <--> ektotherme Lebenwesen,gleichwarme und wechselwarme Tiere
endotherm,produzieren Wärme selber
ektotherm,sind auf äussere Wärmequellen angewiesen
"Kältetod, Hitzetod",Temperatur-Toleranzbereich unter oder überschritten
Bergmannsche Regel,"Grosse Tiere haben im Vergleich zu ihrem Volumen eine kleine Köperoberfläche, darum verlieren sie weniger Wärme. Bsp pinguine"
Allensche Regel,"Kleine Tiere haben im Vergleich zu ihrem Volumen eine grosse Köperoberfläche, darum verlieren sie mehr Wärme. Bsp fuchs"
Kamele Nasenschleimhaut,Beim Einatmen kühlt sich die Luft durch verdunstung
Entstehung Vogelzug,Durch Abnehmende Tageslänge
Fotoperiodik,"Gesang wird durch Sonnenaufgang ausgelöst, auch bei Pflanze"
circadiane Rhytmik,Aktiviäten in 24h Takt
Langtagpflanzen / Kurztagpflanzen,Blühen wenn Tag länger / kürzer ist
Phytochromsystem,Lichtempfindliches System der Pflanzen
Horizontal Zonierung See,Benthal (=Litoral+Profundal)
Litoral,Uferzone; Grossseggenried + Von Wasser bedeckte Fläche; Es wachsen Pflanzen
Profundal,Tiefbodenzone; Keine Pflanzen wachsen dort
Benthal,Litoral + Profundal
Vertikal Zonierung See,"Pelagial, tropogene Zone, Kompensationsebene, Zehrschicht"
Pelagial,Zone des freien Wassers
tropholytische Zone,Zehrschicht
trophogene Zone,Nährschicht
Bedeutung Nährschicht = trophogene Schicht,Produziert Tagsüber Sauerstoff und Biomasse
Bedeutung Kompensationsschicht,Sauerstoff- und Biomasseverbrauch heben sich gegenseitig auf
Bedeutung Zehrschicht,Verbrauch>Produktion
See Temperaturschichten,Epilimnion --> Sprungschicht --> Hypomilion
Stagnationszustände Jahreszeiten,Sommerstagnation: Stabile Schichtung; Frühjahr+Herbst: Vollzirkulation; Winter: Winterstagnation
Drei Gruppen in Nahrungsketten,"Produzenten, Konsumenten, Destruenten"
Produzenten,"Pflanzen, die durch Fotosynthese Biostoffe produzieren"
Konsumenten,"Fleischfresser, Pflanzenfresser, Parasiten"
Destruenten,Detritusfresser+Mineralisieren
Destritusfresser,Zersetzen Tierleichen und tote Pflanzen
Mineralisierer,Zersetzen Biomaterial zu Mineralstoffen und Wasser
"Kohlenstoffkreislauf Abgeber, Aufnehmer","Abgeber: Atmung, Verbrennung Wald, Industrie, Ozean Abgabe; Aufnahme: Pflanzen, Ozean (Fixierung)"
N-Kreislauf Seen Zufuhr,Fixierung Tiere und totes Laub
Stickstoff,N
Ammonium,NH4
Nitrat,"NO2, NO3"
N Kreislauf,N --> NH4 --> NO2- --> NO3- --> N
Ammonifikation,N --> NH4 Bakterien bauen organische Stoffe Ammoniumionen um.
Nitrifikation,"NH4 --> NO2- / NO2- ---> NO3- Bakterien gewinnen Energie aus Ammoniumionen, es braucht aber O2"
Stickstoff-Assimiliation,NO3- --> N
Nitratammonifikation,NO3- --> NH4 Aus irgendeinem Grund von Phytoplankton gemacht
"oligotroph, eutroph","mineralstoff armer, reicher See."
oligotrophe Seen,"Wenig Phytoplankton wenig Mineralien, mehr Destruenten; Zehrschicht Sauerstoffreich"
eutrophe Seen,"Viel Phytoplanktion viel Mineralien, mehr Phytoplanktion Nährschicht Sauerstoffreich"
Bruttoprimärproduzenten,Verwenden 1% der Sonnenenergie für Biomasseproduktion
Kosument Aufnahme,Nur 10% der Energie wird aufgenommen
Nahrungspyramide,"Darstellen, wieviel Energie weitergegeben wird. Zb 100% 10% 1% 0.1%"
r-Selektiert,"Lebensraum schwach besiedelt, Selektion begünstig Lebewesen mit schneller Vermehrungsrate"
K-Selektiert,"Lebensraum an Grenze seiner Kapazität, Selektion begünstigt Lebewesen mit guten Anfangsbedingungen."
Kennzeichen r-/K-Selektiert,"Zeit bis Geschlechtsreife, Anzahl Nachkommen, Dicke Eierschalen, Lebensdauer, Sterblichkeit"
Bruttoprimärproduktion,"Menge an Kohlenstoff, welche Pflanzen bei Fotosynthese bilden."
Nettoprimärproduktion,"Pflanzen Energie abzüglich der selbst verbrauchten, = was sie hinterlassen an Biomasse"
Effekt verschmutztes Wasser,"Bakterien vermehren sich stark, mehr NH4, NO2, NO3, Phosphat-Ionen freigesetzt; Schwebstoffe verhindern Fotosynthese, Sauerstoff sinkt, keine Fische"
anaerobe Verhältnhisse,O2-Konzentration verringert sich
Selbstreinigungskraft des Gewässers,Fast ausschliesslich Bakterien
Indikatorlebewesen,"Lebewesen, die unter besonderen chemischen Bedinungen leben"
Saprobien,"Lebewesen, die durch physiologische Anpassung unter verfaulten Zuständen leben können, Saprobienindex"
Trophiestufe,Mineralstoffgehalt
Reinigung Abwasser: 3 Stufen,"mechanisch, biologisch, chemisch"
Mechanische Reinungsstufe,"Rechenwerk, Steine am Boden ablagern, Fett an der Oberfläche wegnehmen"
Biologische Reinigungsstufe,Belebtschlammbecken: aerob: Nitrifikation NH4 --> NO2- --> NO3-; anaerob: Denitrifikation NO3- --> NO2- --> NH4 --> N2;
Chemische Reinigungsstufe,Durch hinzugabe von Eisen- und Aluminiumsalze werden die Phospationen ausgefällt und lagern sich ab am Boden
Schlamm,"Kann verbrannt werden, Gas kann verbrannt werden""Thema 07","NO VOCI THANK GOD"
Fotosynthese Gleichung,6 CO2 + H2O -> C6H12O6 + 6 O2
Biomasse,"Zucker, Holz, Fette, Eiweisse"
sichtbares Licht,400-700nm
Glucose,Traubenzucker
Chlorophyll,Farbstoff in Chloroplast
Fotosynthese Umweltfaktoren,"Licht, Temperatur (mit Optimum), CO2-Gehalt"
Lichtkompensationspunkt,"Lichtintensität, wo die Pflanze gleich viel CO2 wie O2 abgibt"
Absorptionsspektren Licht Fotosynthese,Präferieren Blaues und Rotes Licht. --> Grüne Farbe absorbiert blaues und rotes Licht
Blattfarbstoffe,"Chlorophyll, β-Carotin"
Thylakoid,Innenraum des Chloroplasten
Grana,Gestapelte Thylakoide
Stroma,Zwischenbereiche zwischen den Grana
Fotosysteme im Chloroplasten,I und II
LHC,"Antennenkomplexe, Light Harvestic Complex; von dem wird energie weitergeleitet"
"P700, P680","Lichtsystem I, absorbiert 700nm-Licht, Lichtsystem II, absorbiert 680nm-Licht"
Primärprozesse,"lichtabhängige Prozesse; fotochemischer Teil, Lichtenergie --> chemische Energie"
Sekundärprozesse,"lichtunabhängige Prozesse, biochemischer Teil, der RGT-Regel unterliegend"
Zusammenfassung Primärprozesse,"Lichtenergie in chemische Energie, in Thylakoidmembran Fotosysteme I und II (P700 und P680); Abgabe ATP und NADPH + H+ and Sekundärprozess; Freisetzung O2"
Zusammenfassung Sekundärprozesse,"Reduktion von Kohlenstoffdioxid CO2 zu Kohlenhydraten (CH2)n (=Zucker); Verbrauch ATP und NADPH + H+, Abgabe ADP und NADP+ an Primärprozess"
Motoren der Fotosynthese,Anregung von P680 und P700 (FS II + I).
Cytochrom-bf-Komplex Fkt,"Redoxsystem, das 1) Elektronen von P680 zu P700 transportiert; 2) Durch passieren der angeregten Elektronen ATP-Synthase ermöglicht."
Redoxsystem,"Protein, das ständig zwischen oxidierten und reduziertem Zustand wechselt."
Fotophosphorylierung,"Energie der Protonen, die durch Cytochrom-bf-Komplex von P680 zu P700 transportiert wird, wird zur ATP-Synthase verwendet."
Protonengradient,ungleiches Protonengradient: Innerhalb und ausserhalb der Membran
Fotolyse Fkt,Zerlegung des Wassers: 2 H20 --> O2 + 4 H+; Wird durch angeregtes P680 gespalten.
Ferredoxin,"Eisenhaltiges Enzym; nimmt Elektronen von P700 auf, leitet es weiter an die NADP-Reduktase"
NADP-Reduktase fkt,"Führt H+ und elektronen wieder zusammen: Cosubstart NADP+ nimmt elektronen und Protonen auf, entsteht NADPH + H+"
Ergebnisse Primärprozess,ATP und NADPH + H+ --> Weiter an sekundärprozess; O2 Abgabe. :)
Wo Sekundärprozess,Stroma und Chloroplast
Fixierung von CO2,Bindung CO2 and C5-Körper
Reduktion,Durch ATP-->ADP und NADPH + H+ --> NADP+ 6 CO2-Moeküle für Synthetisierung von Glucose (C6-Körper)
Rückbildung des Akkzeptors,Durch ATP-->ADP und NADPH + H+ --> NADP+ die instabilen Moleküle resynthesiert zu Akzeptoren (C5-Körper)
Ergebnisse Sekundärprozess,"Glucose, CO2 Synthetisiert."
Weiterverarbeitung:,"Glucose --> Stärke... Fette, Proteine, Farbstoffe, Giftstoffe, Harze"
Abbau Stärke,--> Disaccharose
Zellatmung,"aerober Abbau, ADP-->ATP"
Betriebsstoffwechsel,"Fette, Proteine --> Glucose --> (ADP --> ATP) --> ENERGY.""Thema 08","NO VOCI THANK GOD"
Phänotyp,äusseres Erscheinungsbild
Mitose,Zellkernteilung mit Ergbenis diploide Zellen
Meiose,Zellkerntielung mit Ergebnis haploide Zellen
Phän,"Merkmal, physische Eigenschaft eines Lebewesens.."
Genotyp,Gesamt der in den Genen lokalisierten Erbinformationen
Genom,Gesamtheit der DNA einer Zelle
Chromatin,Komplex aus DNA und Proteinen; vgl Chromatinfaser
Chromosom,2 Chromatide
Chromatid,1 Strang.
homologe Chromosomen,"Chromosomen gleicher Grösse und Gestalt, oft stammt eines vom Vater und eines von der Mutter."
Allel,"Ausprägung eines Gens, das sich auch an einem anderen Ort befindet."
homozygot,"reinerbig, Allele tragen gleiche Information"
heterozygot,"mischerbig, Allele tragen NICHT NCIHT die gleiche Information"
hemizygot.,Hm. Das Allel tritt nur einmal auf.
Gonosome,"Die geschlechtsspezifischen Chromosomen: X und Y. Frau: XX, Mann: XY"
Autosomen,Die geschlechtsunspezifischen Chromosomen
Erbgang von Allelen (4),"dominant, rezessiv, intermediär, kodominant"
dominant,überdeckend
rezessiv,übergedeckt
intermediär,Allele nehmen Mischform an.
kodominant,Allele manifestieren sich nebeneinander.
"gonosomal, autosomal","Allel liegt auf Gonosom, Autosom"
"P, F1, F2","Parental-, 1-Filial-, 2-Filialgeneration"
Trisonomie 21,Zusätzliches Chromosom 21
Nondisjunction,Fehlendes auseinanderweichen von Chromosomen
TurnerSyndrom,X0
Poly-X-Frauen,"XXX, XXXX"
Klinefelter-Männer,"XXY, XXXY"
Diplo-Y-Männer (diplo = doppelt),"XYY, XXYY, XXXYY"
Replikation DNA Enzyme,"Helicase, Primase, (DNA Polymerase III | DNA Polyermase III, DNA-Polymerase I, DNA-Ligase)"
Helicase Fkt,Aufspalten der Einzelstränge
Primase Fkt,Ansetzen der RNA-Primer
Enzyme 5' --> 3' vs 3' --> 5 Gabel,"5' --> 3' : DNA-Polyermase III. 3' --> 5': DNA-Polymerase III, DNA-Polyermase I, DNA-Ligase."
DNA-Polyermase III Fkt,Synthese neuer komplementärer DNA
Okazaki-Fragment,"Auf 3'-->5' Seite keine kontinuierliche Synthase möglich, darum DNA-Polymerase III inkontinuierliche Synthase. --> Okazaki-Fragment entstehen"
DNA-Polyermase I Fkt,Ersetzen der RNA-Primer durch DNA-Komplementärbasen
DNA-Ligase,Verbindet Okazaki-Fragmente
PCR,"Polymerase Chain Reaction. Massive vervielfältigung von DNA. Denaturierung bei 94 Grad, Primer bilden, Hitzebeständige Taq-Polyermase zur vervielfältigung einsetzen."
Telomer Ort,Enden von Chromosomen
Telomere Fkt,"Schutzkapsel, Schutz vor Enzymen, Stabiltät, Pufferzone bei Replikation: Lücke bei DNA-Polymerase I:Nicht möglich an 5' enden abzuschliessen"
Telomerase,"Enzym, Regeneration von Telomeren."
Telomere Bedeutung,"Telomer bei jeder Zellteilung verkürzt und weniger regeneriert durch telomerase: Biologische Alterung, Zeigt alterung der zellfunktionen."
molecular clock,Länge der Telomere bestimmt Anzahl möglicher Teilung einer Zelle.
genetischer Code. wtf is it?,Basenabfolge
Codon,Basentriplet. Codieren immer eine Aminosäure
RNA Funktion,Transport- und Arbeitskopie.
RNA-Transkrtion,DNA in mRNA
RNA-Polyermase,Kopiert DNA in RNA (mRNA). 5'-->3'.
Promoter,Erkennt Anfangsbasensequenz bei RNA-Transkrition
RNA-Translation,mRNA --> Protein.
tRNA,transfer-RNA: Transport von Aminosäuren zu Ribosomen
Wo RNA-Translation,Ribosomen.
Anticodon,Für eine Art t-RNA spezifisches Codon (Triplet).
Initiation RNA-Translation,"t-RNA knüpft bei Start-Codon an, Ort P."
Elongation RNA-Translation,"t-RNA knüpft bei Ort A an, unter Energieverbruach werden die beiden Aminosäuren verknüpft --> Dipeptid, vorrücken des Ribosoms."
Ribosom: Ort P,Verknüpfungsort
Ribosom: Ort A,Erkennungsort
Termination RNA-Translation,Stopcodon.
Sichelzellenanämie,"Erkrankheit, Erythrozyten sind sichelförmig, Betroffene können nicht mehr gut Sauerstoff aufnehmen, Gefässe verstopfen, Milz vergrössert und platzt., Punktmutation"
"Introns, Exons","Uncodierte Abschnitte der DNA: Intron, Codierte Abschnitte der DNA: Exons."
prä-mRNA,Trankskribierte RNA mit Intron included.
Splicing,Introns werden herausgeschnitten
Epigenetische Regulation,Zb Bienen. Je nach den Verhältnissen kann sich der Genotyp ändern!
Genomische Prägung,"In eine männlichen Embryo werden männliche Methylierungsmuster erzeugt, in einem weblichen webliche. (?) Auch umzu Erfahrungen weiterzugeben!"
differenzielle Genaktivität,Bestimmte Gene werden zu festgelegten Zeitpunkten an- oder abgeschaltet
Puffmuster,Riesenchromosomen: Aufgepufft = hohe transkriptionsrate
Promotor-Regien bei RNA-Transkriptase,dort setzt die RNA-Transkriptase an.
Enhancer,"Sequenzen, die die Aktivität von Promotoren erhöht.""Thema 09","NO VOCI THANK GOD"
DNA in fremde Zelle Vorgänge,"Isoliert, durch RE zerschnitten, Vektor-DNA durch RE zerschnitten, Verbinden durch DNA-Ligase, einschleusen"
RE Funktion,Zerschneiden DNA an bestimmten Stellen
klebrige Ende,"DNA, die mit gleichen Enzymgeschnitten worden sind sind komplementär und können verkettet werden."
physikalische DNA-Übertragungsmethoden,"Elektroportation, Mikroinjektion, Partikelpistole, Liposome"
biologische DNA-Übertragungsmethoden,Viren + Agrobacterium
Elektroportation Übertragungsmethode,Elektrische Ladung --> Löcher in der Zellwand
Mikroinjektion Übertragungsmethode,Zellkern mit feinem Rohr durchstochen und rein injiiziert
Partikelpistole Übertragungsmethode,Goldpartikel + DNA in Zelle schiessen
Liposome Übertragungsmethode,Lipide verschmelzen mit Zellschicht
Viren Übertragungsmethode,Virus schleust DNA ein
Agrobacterium Übertragungsmethode,Durch Zellverletzung schleust Agrobacterium Stoffe ein.
Vektor (-DNA),"Plasmide, Transport"
Plasmide fkt,"Ringförmige DNA-Moleküle, auf für Abwehr"
Selektion transgener Zellen wieso,Weil Erfolgsquote des Einschleusen nicht sehr gut
Antibiotika-Resistenz-Test,Vektor mit Amphicilin und Tetracilin-Resistenzgen; in Vektor Fremd-DNA eingebaut (Fremd-->Tetracilin-Teil rausgeschnitten); Amphiclin; dann Amphicilien+Tetracylin Lösung für Aussortierung
Biotechnik,technische Nutzung biologischer Fähigkeiten
Gentechnik,Veränderung Erbinformation
Reproduktionstechnik,Manipulation von Reproduktionsvorgängen
Insulin Wie hergestellt,"Isolierung des Insulins von menschlicher Bauchspeicheldrüse, Vektor ist Bakterienplasmid, Kombination durch RE und Ligase, Selektion, Vermehrung, Isolation, Reinigung"
Gel-Elektrophorese,"Auftrennung von Bruchstücken nach Länge in elektrischen Feld, --> Banden (Färbung)"
DNA-Sequenzanalyse,"DNA Stränge denaturalisieren, 4 Reagenzgläser, je ein Typ ddNTP, bei Synthese Abbruch bei Einbau von ddNTP, Aufteilung nach Gel-Elektrophorese"
Fluoreszenzsequenzierung,Für jede Base eigener Flureszenzfarbstoff; automatische Fluoreszenzierung
genetischer Fingerabdruck,"Merkmale der DNA, die für ein Individuum charakteristisch sind"
SNP,Punktmutationen in DNAs
RFLP,"Restriktionsfragment-Längenpolymorphismen, SNPs, die innerhalb der Erkennungssequenz liegen"
VNTRs,Variable Number Tandem Repeats: Wiederholte DNA-Sequenzen
STR,Short Tandem Repeats: Kurze VNTR.
Genchip,Zur Analyse von DNA
Transgene Pflanze Bsp,Transgene Sojabohnen
Pro Sojabohnen,proteinreich und billig.
Kontro Sojabohnen,"Wälder abgeholzt; Grosse Unternehmen dominieren, vertreiben Bauern; Monsanto: Abhängig von Pestiziden; "
Transgenes Tier Bsp,Gen-Lachs: Aus Paarung zweier Fische gemacht.
Gen-Lachs Pro,Wächst schneller
Gen-Lachs Kontra,"ethische Gründe, schmerzen für Tiere; gv-Tiere mit wilden Tieren kreuzen; ""Thema 10","NO VOCI THANK GOD"
homozygot,reinerbig
heterozygot,mischerbig
1. Mendelsche Regel,"Uniformitätsregel: 2 Individuen einer Art kreuzen, die eine Eigenschaft unterscheiden, für das sie reinerbig sind, sind die Nachkommen identisch in dieser Eigenschaft"
2. Mendelsche Regel,"Spaltungsregel: Kreuzt man die Invididuen 1. Filialgeneration, so teilt sich der Phänotyp im dominant-rezessiven Erbgang in 25\% 75\%"
3. Mendelsche Regel,Unabhängigkeitsregel: Die verschiedenen Merkmale sind frei miteinander kombinierbar
X-Chromosomengebundene Kreuzung,Möglichkeit 1: dominante Gene liegen auf X X ♀. Möglichkeit 2: dominante Gene liegen auf X ♂
X-Chrom.geb. Kreuzung Uniformität,dom auf X X fem
X-Chrom.geb. Kreuzung keine Uniformität,dom auf X male
Genkopplung,Gene werden im Laufe von Generationen gemeinsam vererbt; Verhalten sich nicht im Laufe der dritten mendelschen Regel
Koppelungsgruppe,Auf einem Chromosomen liegende Gene; verhalten sich wie ein Gen (kinda)
Morgan-Einheiten,Prozentsatz von Entkoppelungen zweier Allele.
Chiasma,Überkreuzungsstelle
Genkartierung Prinzip,Wahrscheinlichkeit Crossing Over erhöht bei weiten Abständen
Dreipunktanalyse,Austauschwerte gegen relative Abstände auf dem Chromosom an"Thema 11","NO VOCI THANK GOD"
Ontogenie,Entwicklung des Individuums von Befruchtung bis Tod
Embryologie,Lehre der Embryonalentwicklung
Begattung,Vereinigung des männlichen und weiblichen Individuums.
Basmung,Eindringen des Spermiums in Eizelle
Befruchtung,Verschmelzen der Zellkerne der weibl. + männl. Gameten
vegetative Fortpflanzung,ungeschlechtlich
generative Fortpflanzung,Spermien, Eizellen --> Zygote; Nachkommen durch vereinigung zweier geschlechtszellen
4 Stufen Embryonalentwicklung,Furchung, Gastrulation, Neurulation, Organogenese
Furchung,Zellteilung, 2 4 8 Blastula; Blastogenese, Entstehung der Furchungshöhle
Blastocyste,So nennt man eine Zelle die schon einen Hohlruam hat
Gastrulation,Entstehung von Ektoderm, Mesoderm und Endoderm, der drei Keimblätter.
Neurulation,Auch Morphogenese, Organe etnstehen
Organogenese,eindringen des Spermiums in Eizelle
Vorgang Schwangerschaft, Folliker platzt, Eisprung, Befruchten des Eis, Verschmelzen des Spermiums mit Eizelle, --> Morula --> Blastocyste durch Blastgenese; Implantation, Schwangerschaft
Folliker,hat eine Eizelle in sich un platzt.
Klonen,Erzeugen identischer Nachkommen
Klonen Typen,Horizontales Klonen, Vertikales Klonen, Therapeutisches Klonen, Reproduktives Klonen
Horizontales Klonen,Klassisches Klonen. Zellteilung bis 8-Zell-Stadium, dass Übertragung in andere Uteri. Max. 8 Klone möglich
Vertikales Klonen,Nukleus-Transfer in eine normale Eizelle
Therapeutisches Klonen,Klonen embryonaler Stammzellen für die Produktion von gesunden Zellen
Reproduktives Klonen,Herstellung eines genetischen identischen Embryos und Übertragen in fremde Mutter
Dolly welche Art von Klonen,Horizontales Klonen.
Stammzellen,Nicht spezialisierte Zellen
Totipotente Stammzellen,Können sich zu einem eigenständigen Individuum entwickeln. Bsp 8-Zellstadium
Pluripotente Stammzellen,Können sich zu Zellen der drei Keimblätter entwickeln. Bsp Blastcyste
Multipotenten Stammzellen,Können sich zu Zellen einer bestimmten Linie entwickeln. Bsp Adulte Stammzellen
Adulte Stammzellen woher nehmen,Nabelschnurblut und Knochenmark (Übermässige Prod. --> in blut)
Direkte Rückprogrammierung,Einschleusen in Hautzelle von Genen, die bei embryonalen Zellen aktiv sind --> Vermehrt sich von selber
iPS-Zellen,induzierte Pluripotente Stammzellen; Ergebnis von direkter Rückprogrammierung
Embryonale Stammzellen Klonverfahren,Unspezifische geklonte Stammzellen aus Eizellen durch ivF, Individuelle geklonte Stammzellen aus menschl. Eizellen durch Nukleustransfer, Stammzellen aus tierischen Eizellen (Hybrideizellen)
Kontra therapeutisches Klonen,Embryonen werden hergestellt, um sie wieder zu vernichten, hohe Missgeburtenrate
Nutzen Stammzellen, Prokontra,Organe herstellen, Krankheiten heilen, Embryonen getötet, Menschenwürde
Präntale Diagnostik: invasiv/n. invasiv,Invasiv: Fötale Zellen, Fruchtwasser werden entnommen.; N. Invasiv: Nicht
N. Invasive Methoden,Ultraschall, Blutuntersuchung
Invasive Methoden,Fruchtwasseruntersuchung, Chorionzottenbiopsie
Ultraschall,Fruchtwassermenge, Trisonomie, Skelett, ZNS, Fehlbildung erkennen
Serumuntersuchung (Alpha-Feto-Protein),Bei Missbildungen hat es mehr AFP. Tripletest: Hormon AFP, HCG und Östradiol bestimmt
Praena-Test,Aus dem Blut fetale DNA herausgefiltert und auf Trisonomie geüorüft
Fruchtwasseruntersuchung,Mit Nadel Fruchtwasser entnehmen, kultivieren und Karyogramm erstellen
Chorionzottenbiopsie,Aus Placenta Gewebe entnehmen
PID,Präimplantationsdiagnostik
PID Vorgehen,Aus Eierstock Eizelle entnehmen, in Reagenzglas mit Spermien befruchten, untersuchen, gesunde einpflanzen
PID Pro/Kontra,Krankheiten vermeiden; Designer-Babies: Das Kind so designen, wie man es sich wünscht, es ist unmoralisch und unmenschlich
"Thema 12","NO VOCI THANK GOD"
Rezeptorzellen,"Sinneszellen, die auf ädequate Reizart ansprechen. Wandel Informationen aus Umwelt in Signale um"
Zwei Arten Nervenzellen,"afferent, efferent"
afferent,sensorische Nervenzellen: Leiten Signale an Gehirn weiter
efferent,motorische Nervenzellen: Leiten Signale von Gehirn an Muskeln.
"Gliazellen, Fkt",Bindegewebszellen; Stütz- und Hüllfunktion; Stoffwechsel der Nerven
Nervensystem Def,Nervenzellen + Gliazellen
Soma Fkt,Zellkörper der Nervenzelle
Dendriten Ftk,Aufnahme von Signalen
Axon=Neurit Fkt,Länge der Nervenzelle
Schwannschen Zelle,"Gliazelle, die eine Nervenzelle umgeben"
Synapsen Fkt,"Endknöpfchen, docken bei weiteren Nervenzellen oder Muskeln an."
Myelin,Hülle um Nervenzelle
Markscheide,"Myelinscheide, um Nervenzellen"
Ranviersche Schnürringe,Platz zwischen Markscheide und Axon
Strickleiternervensystem,"Zwei Hauptnervenstränge + Querverbände, zb Plattwürmer"
Zentralnervensystem,Ganglien bilden räumlich und funktional eine Einheit
Ganglien,Ansammlung von Nervenzellen
Mensch ZNS,Gehirn + Rückenmark
Mensch peripheres NS,"Nervenzellen, die Informationsfluss zu ZNS verbinden"
weisse Substanz: Rückenmark Fkt,efferente und afferente Bahnen laufen hierdurch
graue Substanz: Rückenmark Fkt,"Durch Spinalganglion werden von Sinneszellen geleitete Signale in gr Substanz weitergeleitet, Hintere Wurzel sendet motorische Signale zurück."
Alles oder nichts Prinzip,"Wird ein Schwellenwert überschritten, so folgt die Reaktion in voller Stärke"
Ruhepotenzial,"Spannung zwischen Aussen und innen, wenn aussen 0mV, dann innen -70mV"
Diffusionspotenzial,"Überschuss an positiver Ladung auf einer Seite der Membran, diffundieren."
Membranpotenzial,Postive und Negative Ladungen sind von einer Membran getrennt
K+ Sickerkanäle,"Es können K+ Ionen frei diffundieren, doch Na+ Teilchen bleiben ausserhalb"
Ionenkanäle,"Zur Auferhaltung dass K+ Ionen frei diffundieren können, aber Na+ Teilchen nicht"
Natrium-Kalium-Pumpe Fkt,"Na+ Ionen aus intrazellulärem Raum raushalten, zur Aufrechterhaltung des Ruhepotenzials"
"Hyperpolarisation, Depolarisation","Spannung ist unter, über des Ruhepotentials"
Schwellenpotenzial,"Falls Schwellenpotenzial erreicht, gibt es ein Aktionspotenzial mit Überschuss"
Grund für AP mit Überschuss,Ab Schwellenpotenzial öffnen sich spannungsgesteuerte Natrium-Ionen Kanäle --> Natriumionen stürmen in Zelle herein. Nach 1ms wieder geschlossen
Refraktärzeit,Direkt nach Auslösen des AP kann das Neuron keine weiteren APs erstellen (nach 1ms)
Restore Ruhepotenzial nach AP m Überschuss,Durch Na K Pumpe
3 Potenziale,"Ruhepotenzial, Aktionspotenzial, Nachpotenzial"
Marklose Fasern Informationsübertragung,Ausgleichsströme
Markhaltige Fasern Informationsübertragung,Ranvierrsche Schnürring zu Schnürring
Synapse Informationsübertragung,"Durch chem. Transmitterstoffe, AP nicht weitergeleitet"
exzitatorische Synapse,Erregende Neurotransmitter
inhibitorische Synapse,Hemmede Neurotransmitter
Transmitter,Chemische Botenstoffe in synaptsichen Spalt
Gehirn: Schützende Schichten,[Tiefe] Weiche Hirnhaut > Spinngewebshaut > harte Hirnhaut > Schädel
Grosshirn Fkt,"Gedächtnis, Sinnesleistung, Befehle an Muskeln"
graue Substanz: Gehirn Fkt,"Oberfläche, Neuronen angebracht"
weisse Substanz: Gehirn Fkt,"Inneres, Axone"
Balken,Verbindet die Hemisphären
limbisches System,"Bewusstsein, Emotionen"
Zwischenhirn: Welche Teile,"Epithalamus, Epiphyse, Hypothalamus, Hypophyse"
Zwischenhirn Fkt,"Umschaltstelle Nervenbahnen, Koordination wie Schlafen, Atmung, Kreislauf, Sexualität"
Mittelhirn Fkt,Informationen aus Sinnen
Kleinhirn Fkt,Bewegungsabläufe
Nachhirn,"auch verlängertes Mark, Reflexe, Grundrhytmus für ein und ausatmen"
Plastizität,Bestimmte Aufgaben einer Gehirnregion können durch eine andere übernommen werden
sensorische Felder,"Gehirnregionen, die Informationen aufnehmen, die von Sinnesorganen kommen"
motorische Felder,"Gehirnregionen, die Befehle an Muskeln weitergeben"
Assoziationsfelder,Verknüpfen Informationen
"Wernicke-, Broca-Bereich","Beim Bennen eines Gegenstandes: Wernicke: Wortfindung, Broca: Aussprache der Wörter."
Endrophine,Lindern Schmerzempfindung durch Ausschüttung von hemmenden Neurotransmittern
Cortex,Rindenfeld des Gehirns
Asymmetrie Hemisphären,Hemisphären sind für die Gegenüberliegende Körperhälfte zuständig
linke Hemisphäre Fkt,"Umwelt gerichtet, aktiv"
rechte Hemisphäre Fkt,"Vergleichen, Zusammenfassen, Betrachten"
Lateralisierung,Nicht-Vernetzt-Sein der Hemisphären"Thema 13","NO VOCI THANK GOD"
Hornhaut fkt,Durch Wölbung wirkt als Sammellinse
Vordere Augenkammer mit Wasser,Zusammen mit Hornhaut als Sammelllinsee
Linse,"Bricht das Licht so, dass ein scharfes Bild entsteht"
Ciliarmuskel,Stellen die Linse ein
Regenbogenhaut=Iris,Lässt mehr oder weniger Licht durch
Glaskörper,Formerhaltung des Auges
Netzhaut,Hell-Dunkel mit Stäbchen und Farbensehen mit Zäpfchen
Pigmentschicht,Schutz gegen Reflexionen im Auge
Aderhaut,Ernährt Auge
Weisse Aderhaut,Gibt dem Auge die Form
Blinder Fleck,"Keine Nerven, Dort gehen Nervenfasern raus"
Sehnerv,Weiterleitung ans Gehirn
Gelber Fleck ,"Ort mit am Meisten Sehnerven, schärfste Abbildung"
Augenbindehaut,Verbindet Augenapfel mit Gesichtshaut
Augenmuskeln,Stelllen die Auge ein
Fettpolster,Weiche Lage des Auges
Tränendrüsen,Bewässerung des Auges
Stäbchen Farbstoff,Sehpurpur = Rhodopsin
Zäpfchen Farbstoffe,"cis-Retinal (für wenig Licht), trans-Retinal (für viel Licht)"
Fototransduktion,Umsetzung Lichtreize in bioelektrische Signale: Guanosinmonosphat aktiviert und Hyperoplarisation
Adaption des Augen,Irisblende
Myopie,Kurzsichtigkeit; Auge ist relative zur Brechkraft zu lang (kurzsicht --> lang)
Hyperopie,"Weitsichtigkeit, Auge ist relativ zur Brechkraft zu kurz (langsicht --> kurz)"
Akkommodation Auge,Anpassung an Weite. Linse durch Ciliarmuskel verändert
Alterssichtigkeit,Elastizität der Linse nicht mehr gut"Thema 14","NO VOCI THANK GOD"
Proximate Ursache,"Ursachen, die beschreiben, wodurch ein Verhalten vorgerufen wird (Hormone, Körper)"
Ultimate Ursachen,"Biologische Bedeutung, was nützt sie? Wie ist sie evolutiv entstanden?"
Etho-Phylogenie,Angeboren oder Erlernt?
Kasper-Hauser-Experiment,"Aufzucht von Individuuen unter Erfahrungsentzug; dient zur Feststellung, ob bestimmte Fähigkeiten angeboren sind oder erlernt werden, so können n! von Artgenossen. lernen"
Ethogramm Analyse,"Verhaltensbereich, Beschreibung, Dauer, Häufigkeit, Ultimate Ursache, Proximate Ursache, Physiologie des Verhaltens, Etho-Phylogenie"
Fehlerquellen Ethogramm,"Zu geringe Anzahl beobachtungen, Subjektive Akzentuierung, unädequater Biotop"
angeborene Lerndisposition,"zb Schlangenfurcht; Furcht nicht angeboren aber die Bereitschaft, schnell eine Phobie zu entwicklen auf Schlangen; manche Sachen lernen Menschen schneller"
bereichsspezifische Fähigkeiten,Zb menschen können sehr gut eine sprache lernen wenn sie noch kinder sind
Reizfilterung Ebenen,"periphere Filterung, zentrale Filterung"
periphere Filterung,Filterung direkt beim Rezeptor (Sinnesorgan)
Schlüsselreiz,"ein spezifischer Reiz, der ein bestimmtes (instinktives) Verhalten auslöst."
zentrale Filterung,Nervensystem bewertet Situationen
Taxi,Orientierungsverhalten eines Individuums im Raum
Voraussetzungen für Instinktverhalten,Appetenzverhalten
AAM,angeborener auslösender Mechanismus. Filtert den Schlüsselreiz; Nur bei Instinkten bzw angeborenen Verhalten
Übersprungverhalten,Instinktverhalten aus anderem Bereich kommt zustande
Umorientierte Handlung,"Normal, aber gewisse Bedingungen verhindern, dass der Reiz ausgeführt werden kann."
Leerlaufhandlung,"Antrieb so stark, dass Instiktverhalten spontan ausgeführt wird."
Intentionsbewegung,Eine nicht zu Ende geführtes Instinktverhalten
Ritualisierung,Signalübermittlung bei der Kommunikation
Prägung Merkmale,"In einer sensiblen Phase entstanden, schnell, irreversibel"
Lernen Arten,"Klassische Konditionierung, operante Konditionierung, Prägung, Habituation, Spiel, Neugier, kognitives Lernen"
klassische Konditionierung,"Bedingte Reaktionen, Assoziation ein neuer bedingter Reflex zu einem unbedingten Reflex hinzugefügt werden kann"
Generalisierung,Ähnliche Reize werden als einer aufgefasst
Löschung,"Falls der unbedingte Reiz ausfällt, wird die Assoziation abgeschwächt"
operantes Verhalten,spotan auftretendes Verhalten
operante Konditionierung,"Bedingte Aktionen, tier lernt, dass aktionen erfolg oder misserfolg haben"
Lernen durch Prägung,Prägung
Habituation,Gewöhnung
kognitives Lernen,"Lernen durch Einsicht, Zusammenhänge begreifen..."
Bedeutung Agression,"rivalisieren um Ressourcen, selektionswert"
Kommentkampf,"wie Rituale, Kämpfe mit festgelegten Regeln"
Beschädigungskämpfe,DEATH
Drei Theorien Agressionsverhalten,"Mensch ist agressiv, Mensch wird agressiv, Mensch ist+wird agressiv"
Mensch ist agressiv,"Freud, Lorenz"
Mensch wird agressiv,"Frustrations-Agressionstheorie, Lerntheorie"
Frustrations-Agressionstheorie,Frustration ist die Störung einer zielgerichteten Aktivität --> Frustrator wird angegriffen
Lerntheorie,Agression führt zur Erreichung eines bestimmten Ziels
Mensch ist+wird agressiv,Genetisch-Soziales Modell
Genetisch-Soz Modell 5 Bereiche,"Gene, Physiologie(hormone), Gesamtorganismus (psychisch), sozial (rangordnung zb), ökologisch (=umgebung)"
Genetisch-Soz Modell 3 historische Dim,"stammesgeschichtlich (rassen), kulturgeschtlich (rituale), ontogonetisch (persönliche erfahrungen)"